DIRECCION;MAPA;NOMBRE;REGION;CIUDAD;TIPO_LOCAL
Héroes de la Concepción # 2555; -20.23215026575979, -70.14194815555732; Banco Iquique (Mall las Américas); Regi&oacuten de Tarapacá; Iquique; Banco
Héroes de la Concepción # 2555; -20.23215026575979, -70.14194815555732; Homecenter Iquique; Regi&oacuten de Tarapacá; Iquique; HomeCenter
Tarapaca # 441; -20.21380695584716, -70.15087019999999; Banco Iquique Centro; Regi&oacuten de Tarapacá; Iquique; Banco
Av. Los Aromos # 2780; -20.254018319891728, -70.10599027864988; Homecenter Alto Hospicio; Regi&oacuten de Tarapacá; Iquique; HomeCenter
Arturo Prat # 580; -23.648612906953982, -70.3967146; Banco Antofagasta C.N.; Regi&oacuten de Antofagasta; Antofagasta; Banco
José M. Balmaceda # 2355; -23.646681256953332, -70.40113014999997; Banco Antofagasta Mall I; Regi&oacuten de Antofagasta; Antofagasta; Banco
José M. Balmaceda # 2355; -23.646681256953332, -70.40113014999997; Banco Antofagasta Mall II; Regi&oacuten de Antofagasta; Antofagasta; Banco
Balmaceda # 2355; -23.646710740958085, -70.40130181137692; Falabella Antofagasta; Regi&oacuten de Antofagasta; Antofagasta; Tienda Falabella
Balmaceda # 2355; -23.646710740958085, -70.40130181137692; Homecenter Antofagasta; Regi&oacuten de Antofagasta; Antofagasta; HomeCenter
Av. Rendil # 6851; -23.609614300169525, -70.3847899301636; Homecenter Antofagasta; Regi&oacuten de Antofagasta; Antofagasta; HomeCenter
Balmaceda # 2355; -23.646710740958085, -70.40130181137692; Mall Plaza Antofagasta I (Zona de Servicios); Regi&oacuten de Antofagasta; Antofagasta; Mall Plaza
Balmaceda # 2355; -23.646710740958085, -70.40130181137692; Mall Plaza Antofagasta II (Zona de Servicios); Regi&oacuten de Antofagasta; Antofagasta; Mall Plaza
Balmaceda # 2355; -23.646710740958085, -70.40130181137692; Mall Plaza Antofagasta III (Frente a Tienda Falabella); Regi&oacuten de Antofagasta; Antofagasta; Mall Plaza
Balmaceda # 2355; -23.646710740958085, -70.40130181137692; Mall Plaza Antofagasta IV (Frente a Tienda Falabella); Regi&oacuten de Antofagasta; Antofagasta; Mall Plaza
Balmaceda # 2355; -23.646710740958085, -70.40130181137692; Mall Plaza Antofagasta IX (Zona de Servicios); Regi&oacuten de Antofagasta; Antofagasta; Mall Plaza
Balmaceda # 2355; -23.646710740958085, -70.40130181137692; Mall Plaza Antofagasta V (Zona de Servicios); Regi&oacuten de Antofagasta; Antofagasta; Mall Plaza
Balmaceda # 2355; -23.646710740958085, -70.40130181137692; Mall Plaza Antofagasta VI (Zona de Servicios); Regi&oacuten de Antofagasta; Antofagasta; Mall Plaza
Balmaceda # 2355; -23.646710740958085, -70.40130181137692; Mall Plaza Antofagasta VII (Zona de Servicios); Regi&oacuten de Antofagasta; Antofagasta; Mall Plaza
Balmaceda # 2355; -23.646710740958085, -70.40130181137692; Mall Plaza Antofagasta VIII (Frente a Tienda Falabella); Regi&oacuten de Antofagasta; Antofagasta; Mall Plaza
Balmaceda # 2355; -23.646710740958085, -70.40130181137692; Mall Plaza Antofagasta X (Zona de Servicios); Regi&oacuten de Antofagasta; Antofagasta; Mall Plaza
Balmaceda Interior Recinto Portuario (Balmaceda 355 Mall Plaza); -23.646532983745466, -70.40117829842528; Tottus Antofagasta Mall; Regi&oacuten de Antofagasta; Antofagasta; Sup.Tottus
Av. Condell # 2630; -23.64879873756269, -70.39635851087036; Tottus Antofagasta Plaza; Regi&oacuten de Antofagasta; Antofagasta; Sup.Tottus
Latorre # 1852; -22.46221175656557, -68.92573155000002; Banco Calama Centro; Regi&oacuten de Antofagasta; Calama; Banco
Av. Balmaceda # 3242; -22.45181607668828, -68.92131005317992; Banco Calama Mall; Regi&oacuten de Antofagasta; Calama; Banco
Balmaceda # 3242; -22.45181607668828, -68.92131005317992; Falabella Calama; Regi&oacuten de Antofagasta; Calama; Tienda Falabella
Balmaceda # 3398; -22.449704759697244, -68.92075643968816; Homecenter Calama; Regi&oacuten de Antofagasta; Calama; HomeCenter
Av. Balmaceda # 3242; -22.45181607668828, -68.92131005317992; Mall Plaza Calama I (Frente a Supermercado); Regi&oacuten de Antofagasta; Calama; Mall Plaza
Av. Balmaceda # 3242; -22.45181607668828, -68.92131005317992; Mall Plaza Calama II (Frente a Supermercado); Regi&oacuten de Antofagasta; Calama; Mall Plaza
Av. Balmaceda # 3242; -22.45181607668828, -68.92131005317992; Mall Plaza Calama III (Cercano Acceso Homecenter); Regi&oacuten de Antofagasta; Calama; Mall Plaza
Av. Balmaceda # 3242; -22.45181607668828, -68.92131005317992; Mall Plaza Calama IV (Costado Tienda Kodak); Regi&oacuten de Antofagasta; Calama; Mall Plaza
Av. Balmaceda # 3242; -22.45181607668828, -68.92131005317992; Mall Plaza Calama V (Costado Tienda Kodak); Regi&oacuten de Antofagasta; Calama; Mall Plaza
Av. Balmaceda # 3242; -22.45181607668828, -68.92131005317992; Mall Plaza Calama VI (Zona de Servicios); Regi&oacuten de Antofagasta; Calama; Mall Plaza
Av. Balmaceda # 3242; -22.45181607668828, -68.92131005317992; Mall Plaza Calama VII; Regi&oacuten de Antofagasta; Calama; Mall Plaza
Av. Granaderos # 3657; -22.443632780338813, -68.92730129418032; Tottus Calama Granaderos; Regi&oacuten de Antofagasta; Calama; Sup.Tottus
Balmaceda # 2902; -22.452401095933144, -68.92158900291747; Tottus Calama Mall I; Regi&oacuten de Antofagasta; Calama; Sup.Tottus
Balmaceda # 2902; -22.452401095933144, -68.92158900291747; Tottus Calama Mall II; Regi&oacuten de Antofagasta; Calama; Sup.Tottus
Balmaceda # 2902; -22.452401095933144, -68.92158900291747; Tottus Calama Mall III; Regi&oacuten de Antofagasta; Calama; Sup.Tottus
Colipi # 484 H105; -27.36655840821982, -70.33130979999999; Banco Copiapó; Regi&oacuten de Atacama; Copiapó; Banco
Maipú # 0110; -27.36886310874857, -70.33756068971866; Banco Mall Plaza Copiapó; Regi&oacuten de Atacama; Copiapó; Banco
Maipú # 0110; -27.36886310874857, -70.33756068971866; Mall Plaza Copiapó I (Zona de Servicios); Regi&oacuten de Atacama; Copiapó; Mall Plaza
Maipú # 0110; -27.36886310874857, -70.33756068971866; Mall Plaza Copiapó II (Zona deServicios); Regi&oacuten de Atacama; Copiapó; Mall Plaza
Maipú # 0110; -27.36886310874857, -70.33756068971866; Mall Plaza Copiapó III (Costado del Cine); Regi&oacuten de Atacama; Copiapó; Mall Plaza
Maipú # 0110; -27.36886310874857, -70.33756068971866; Tottus Copiapó; Regi&oacuten de Atacama; Copiapó; Sup.Tottus
Merced # 501; -28.572805174773187, -70.7621463849182; Homecenter Vallenar; Regi&oacuten de Atacama; Vallenar; HomeCenter
Calle Borgoño # 409 ; -29.95473860915178, -71.33882244999995; Banco Coquimbo; Regi&oacuten de Coquimbo; Coquimbo; Banco
Ruta 5 Norte # 849 ; -29.966527386641076, -71.32240452033692; Homecenter Coquimbo; Regi&oacuten de Coquimbo; Coquimbo; HomeCenter
O'Higgins # 451; -29.902596921123273, -71.24854635333558; Banco La Serena Centro; Regi&oacuten de Coquimbo; La Serena; Banco
Alberto Solari # 1400 Local 166 A; -29.91170949070913, -71.2584181183853; Banco La Serena Mall; Regi&oacuten de Coquimbo; La Serena; Banco
Alberto Solari # 1400; -29.91170949070913, -71.2584181183853; Falabella La Serena I; Regi&oacuten de Coquimbo; La Serena; Tienda Falabella
Av. Francisco De Aguirre # 02; -29.90541301002399, -71.25911376110538; Homecenter La Serena; Regi&oacuten de Coquimbo; La Serena; HomeCenter
Av. Alberto Solari # 1400; -29.91170949070913, -71.2584181183853; Mall Plaza La Serena I; Regi&oacuten de Coquimbo; La Serena; Mall Plaza
Av. Alberto Solari # 1400; -29.91170949070913, -71.2584181183853; Mall Plaza La Serena II; Regi&oacuten de Coquimbo; La Serena; Mall Plaza
Av. Alberto Solari # 1400; -29.91170949070913, -71.2584181183853; Mall Plaza La Serena III (Zona de Servicios); Regi&oacuten de Coquimbo; La Serena; Mall Plaza
Av. Alberto Solari # 1400; -29.91170949070913, -71.2584181183853; Mall Plaza La Serena IV (Zona de Servicios); Regi&oacuten de Coquimbo; La Serena; Mall Plaza
Av. Alberto Solari # 1400; -29.91170949070913, -71.2584181183853; Mall Plaza La Serena V (Zona de Servicios); Regi&oacuten de Coquimbo; La Serena; Mall Plaza
Av. Alberto Solari # 1400; -29.91170949070913, -71.2584181183853; Mall Plaza La Serena VI (Patio de Comidas); Regi&oacuten de Coquimbo; La Serena; Mall Plaza
Av. Alberto Solari # 1400; -29.91170949070913, -71.2584181183853; Mall Plaza La Serena VII (Patio de Comidas); Regi&oacuten de Coquimbo; La Serena; Mall Plaza
Av. Alberto Solari # 1400; -29.91170949070913, -71.2584181183853; Mall Plaza La Serena VIII (Patio de Comidas); Regi&oacuten de Coquimbo; La Serena; Mall Plaza
Extensión Benavente # 1075; -30.59730041728066, -71.1852582242676; Banco Ovalle; Regi&oacuten de Coquimbo; Ovalle; Banco
Extensión Benavente # 1075; -30.59730041728066, -71.1852582242676; Open Plaza Ovalle I; Regi&oacuten de Coquimbo; Ovalle; Open Plaza
Extensión Benavente # 1075; -30.59730041728066, -71.1852582242676; Open Plaza Ovalle II; Regi&oacuten de Coquimbo; Ovalle; Open Plaza
Manantiales # 945; -32.9318119439828, -71.52210684867248; Tottus Con-Cón; Regi&oacuten de Valpara&iacuteso; Con-Cón; Sup.Tottus
Prolongación J.J. Pérez # 12010; -32.79104972206113, -71.1910326527954; Banco La Calera; Regi&oacuten de Valpara&iacuteso; La Calera; Otros
Prolongación J.J. Pérez # 12010; -32.79104972206113, -71.1910326527954; Homecenter La Calera; Regi&oacuten de Valpara&iacuteso; La Calera; HomeCenter
Av. Circunvalación Los Aromos # 381; -33609923602422300, -71.60997081190193; Tottus Llolleo; Regi&oacuten de Valpara&iacuteso; Llolleo; Sup.Tottus
O´Higgins # 384; -32.83418356024755, -70.59877204999998; Banco Los Andes; Regi&oacuten de Valpara&iacuteso; Los Andes; Banco
Maipú # 342; -32.87943036026533, -71.24736289999998; Banco Quillota; Regi&oacuten de Valpara&iacuteso; Quillota; Banco
Freire # 252; -32.87983547435302, -71.24561177486873; Tottus Quillota; Regi&oacuten de Valpara&iacuteso; Quillota; Sup.Tottus
Diego Portales # 822 Locl.17-18-19; -33.046628805612976, -71.44137445515594; Banco Quilpué Mall; Regi&oacuten de Valpara&iacuteso; Quilpué; Banco
Av. Freire # 1351; -33.0419343158281, -71.4260217506012; Homecenter Quilpue I; Regi&oacuten de Valpara&iacuteso; Quilpué; HomeCenter
Av. Freire # 1351; -33.0419343158281, -71.4260217506012; Homecenter Quilpue II; Regi&oacuten de Valpara&iacuteso; Quilpué; HomeCenter
Freire # 120; -33.0457514006063, -71.39971572301636; Tottus Quilpué; Regi&oacuten de Valpara&iacuteso; Quilpué; Sup.Tottus
Calle Centenario N° 118, Local B ; -33.58047836054303, -71.61139560000004; Banco San Antonio; Regi&oacuten de Valpara&iacuteso; San Antonio; Banco
Barros Luco # 1399; -33.591380258767124, -71.6130590441803; Tottus San Antonio; Regi&oacuten de Valpara&iacuteso; San Antonio; Sup.Tottus
Salinas # 201; -32.75057944518231, -70.7258372297623; Banco San Felipe; Regi&oacuten de Valpara&iacuteso; San Felipe; Banco
Av. Bdo. O'Higgins # 1150; -32.756082305366895, -70.7226816343628; Banco San Felipe Mall; Regi&oacuten de Valpara&iacuteso; San Felipe; Banco
Tocornal # 2810; -32.756690591527715, -70.7042382833435; Homecenter San Felipe ; Regi&oacuten de Valpara&iacuteso; San Felipe; HomeCenter
Av. Bdo. O'Higgins # 1150; -32.756082305366895, -70.7226816343628; Tottus San Felipe I; Regi&oacuten de Valpara&iacuteso; San Felipe; Sup.Tottus
Av. Bdo. O'Higgins # 1150; -32.756082305366895, -70.7226816343628; Tottus San Felipe II; Regi&oacuten de Valpara&iacuteso; San Felipe; Sup.Tottus
Av. Bdo. O'Higgins # 1150; -32.756082305366895, -70.7226816343628; Tottus San Felipe III; Regi&oacuten de Valpara&iacuteso; San Felipe; Sup.Tottus
Independencia # 1840; -33.04747426721768, -71.61778822486872; Banco Valparaíso; Regi&oacuten de Valpara&iacuteso; Valparaíso; Banco
Esmeralda # 959; -33.0409381103289, -71.62571170000001; Banco Valparaíso C.N.; Regi&oacuten de Valpara&iacuteso; Valparaíso; Banco
Independencia # 1806; -33.04736570345728, -71.61801352116395; Falabella Valparaíso; Regi&oacuten de Valpara&iacuteso; Valparaíso; Tienda Falabella
Valparaíso # 545; -33.04418141033022, -71.37138389999996; Banco Villa Alemana; Regi&oacuten de Valpara&iacuteso; Villa Alemana; Banco
Av. Alessandri # 4085; -32.99943854946746, -71.50970851586919; Banco Santa Julia; Regi&oacuten de Valpara&iacuteso; Viña del Mar; Banco
Av. Valparaíso # 585; -33.0246490103225, -71.55445989999998; Banco Vina del Mar I; Regi&oacuten de Valpara&iacuteso; Viña del Mar; Banco
Av. Benidorm # 745; -33.0077383009423, -71.54893854548946; Banco Viña Coraceros; Regi&oacuten de Valpara&iacuteso; Viña del Mar; Banco
Plaza Sucre # 250; -33.02549701960905, -71.55249488042602; Falabella Viña del Mar; Regi&oacuten de Valpara&iacuteso; Viña del Mar; Tienda Falabella
Av. Valparaíso # 1070; -33.02563451077562, -71.54684644572444; Homecenter Quinta Vergara I; Regi&oacuten de Valpara&iacuteso; Viña del Mar; HomeCenter
Av. Valparaíso # 1070; -33.02563451077562, -71.54684644572444; Homecenter Quinta Vergara I; Regi&oacuten de Valpara&iacuteso; Viña del Mar; HomeCenter
Av. Alessandri # 4085; -32.99943854946746, -71.50970851586919; Homecenter Santa Julia; Regi&oacuten de Valpara&iacuteso; Viña del Mar; HomeCenter
Av. Alessandri # 4085; -32.99943854946746, -71.50970851586919; Tottus Santa Julia I; Regi&oacuten de Valpara&iacuteso; Viña del Mar; Sup.Tottus
Av. Alessandri # 4085; -32.99943854946746, -71.50970851586919; Tottus Santa Julia II; Regi&oacuten de Valpara&iacuteso; Viña del Mar; Sup.Tottus
Av. Vicuña Mackenna #1050 Local 1; -32.971888661127075, -71.53213521534427; Tottus Reñaca; Regi&oacuten de Valpara&iacuteso; Viña del Mar; Sup.Tottus
Av. San Juan # 133-C; -34.177250108291894, -70.6969015101563; Tottus Machalí; Regi&oacuten del Libertador Bernardo OHiggins; Machalí; Sup.Tottus
Calle Sgto. Cuevas # 621; -34.16869041077954, -70.74341755; Banco Rancagua CN; Regi&oacuten del Libertador Bernardo OHiggins; Rancagua; Banco
Av. Nv. A. Einstein # 287 Local 125; -34.17218374850238, -70.71778557909852; Banco Rancagua Las América; Regi&oacuten del Libertador Bernardo OHiggins; Rancagua; Banco
Calle Sgto. Cuevas # 405 Local 2120; -34.17062625456281, -70.72930175872193; Banco Rancagua Open Plaza I; Regi&oacuten del Libertador Bernardo OHiggins; Rancagua; Banco
Calle Sgto. Cuevas # 405 Local 2120; -34.17062625456281, -70.72930175872193; Banco Rancagua Open Plaza II; Regi&oacuten del Libertador Bernardo OHiggins; Rancagua; Banco
Calle Sgto. Cuevas # 405; -34.17062625456281, -70.72930175872193; Open Plaza Rancagua; Regi&oacuten del Libertador Bernardo OHiggins; Rancagua; Open Plaza
Estado # 275; -34168750914940400, -7074044311534410; Tottus Rancagua I; Regi&oacuten del Libertador Bernardo OHiggins; Rancagua; Sup.Tottus
Estado # 275; -34168750914940400, -7074044311534410; Tottus Rancagua II; Regi&oacuten del Libertador Bernardo OHiggins; Rancagua; Sup.Tottus
Manuel Rodriguez # 830; -34.587785210950095, -70.98623985000006; Banco San Fernando; Regi&oacuten del Libertador Bernardo OHiggins; San Fernando; Banco
Av. L. B.  O’Higgins # 450, Ruta I-50; -34.601833875553496, -70.98727026799928; Homecenter San Fernando; Regi&oacuten del Libertador Bernardo OHiggins; San Fernando; HomeCenter
Carampangue # 681; -34.58576925471337, -70.99064819021307; Tottus San Fernando I; Regi&oacuten del Libertador Bernardo OHiggins; San Fernando; Sup.Tottus
Av .Circunvalación de la Santa Cruz # 360; -34.63931172235636, -71.38075606727294; Homecenter Santa Cruz; Regi&oacuten del Libertador Bernardo OHiggins; Santa Cruz; HomeCenter
Calle Peña # 680; -34.98438803903378, -71.24168083650818; Banco Curicó I; Regi&oacuten del Maule; Curicó; Banco
Calle Peña # 680; -34.98438803903378, -71.24168083650818; Banco Curicó II; Regi&oacuten del Maule; Curicó; Banco
Peña # 615; -34.98482926111324, -71.24157824999998; Falabella Curico; Regi&oacuten del Maule; Curicó; Tienda Falabella
Independencia # 477; -35.84648246147284, -71.59637750000002; Banco Falabella Linares; Regi&oacuten del Maule; Linares; Banco
1 Norte # 1425; -35.42678383186587, -71.6564007; Banco Talca; Regi&oacuten del Maule; Talca; Banco
Calle Uno Sur # 1136; -35.427487011296996, -71.6607358; Banco Talca; Regi&oacuten del Maule; Talca; Banco
Av. Colin # 634; -35.44200978324612, -71.68461462960818; Homecenter Talca; Regi&oacuten del Maule; Talca; HomeCenter
2 Norte # 3344; -35.428493219192276, -71.66364412721248; Homecenter Talca I; Regi&oacuten del Maule; Talca; HomeCenter
4 Norte # 1530; -35.42296209782698, -71.65486897980657; Tottus Talca I; Regi&oacuten del Maule; Talca; Sup.Tottus
4 Norte # 1530; -35.42296209782698, -71.65486897980657; Tottus Talca II; Regi&oacuten del Maule; Talca; Sup.Tottus
5 de Abril # 720; -36.609437111797796, -72.10183104999999; Banco Chillán; Regi&oacuten del Biobio; Chillán; Banco
Cinco de Abril # 573; -36.6079160092958, -72.10123184603276; Banco Chillán; Regi&oacuten del Biobio; Chillán; Banco
Av. Ecuador # 599; -36.59989681179369, -72.10009285000001; Homecenter Chillán I; Regi&oacuten del Biobio; Chillán; HomeCenter
Av. Ecuador # 599; -36.59989681179369, -72.10009285000001; Tottus Chillán I; Regi&oacuten del Biobio; Chillán; Sup.Tottus
Av. Ecuador # 599; -36.59989681179369, -72.10009285000001; Tottus Chillán II; Regi&oacuten del Biobio; Chillán; Sup.Tottus
Barros Arana # 699; -36.826418902415874, -73.04992126712729; Banco Centro Concepción; Regi&oacuten del Biobio; Concepción; Banco
Colo Colo # 408; -36.82704087132504, -73.04795953465572; Banco Centro de Negocios Concepción I; Regi&oacuten del Biobio; Concepción; Banco
Colo Colo # 408; -36.82704087132504, -73.04795953465572; Banco Centro de Negocios Concepción II; Regi&oacuten del Biobio; Concepción; Banco
Pasaje Cervantes # 465 Piso 6; -36.82580306189114, -73.04784574999996; Falabella Concepción; Regi&oacuten del Biobio; Concepción; Tienda Falabella
Colo Colo # 490; -36.82588976189118, -73.04859704999996; Falabella Concepción ; Regi&oacuten del Biobio; Concepción; Tienda Falabella
Av. Los Carrera Poniente # 301; -36.828826451779946, -73.06354289184873; Homecenter Bio-Bio; Regi&oacuten del Biobio; Concepción; HomeCenter
Los Carrera # 1175; -36.82075536188895, -73.04594880000002; Homecenter Concepción; Regi&oacuten del Biobio; Concepción; HomeCenter
Av. Los Carrera Poniente # 301; -36.828826451779946, -73.06354289184873; Mall Plaza Bio-Bio I (Zona de Servicios); Regi&oacuten del Biobio; Concepción; Mall Plaza
Av. Los Carrera Poniente # 301; -36.828826451779946, -73.06354289184873; Mall Plaza Bio-Bio II (Zona de Servicios); Regi&oacuten del Biobio; Concepción; Mall Plaza
Av. Los Carrera Poniente # 301; -36.828826451779946, -73.06354289184873; Mall Plaza Bio-Bio III (Trascaja Tottus); Regi&oacuten del Biobio; Concepción; Mall Plaza
Av. Los Carrera Poniente # 301; -36.828826451779946, -73.06354289184873; Mall Plaza Bio-Bio IV (Trascaja Tottus); Regi&oacuten del Biobio; Concepción; Mall Plaza
Valdivia # 472; -37.46870446028822, -72.35232958068849; Banco Los Angeles; Regi&oacuten del Biobio; Los Angeles; Banco
Valdivia # 472; -37.46870446028822, -72.35232958068849; Falabella Los Angeles; Regi&oacuten del Biobio; Los Angeles; Tienda Falabella
Alemania # 850; -37.46803631999664, -72.33633507645872; Homecenter Los Angeles; Regi&oacuten del Biobio; Los Angeles; HomeCenter
Valdivia # 440; -37.46824463137154, -72.35231885185243; Mall Plaza Los Angeles I (Primer Piso); Regi&oacuten del Biobio; Los Angeles; Mall Plaza
Valdivia # 440; -37.46824463137154, -72.35231885185243; Mall Plaza Los Angeles II (Primer Piso); Regi&oacuten del Biobio; Los Angeles; Mall Plaza
Valdivia # 440; -37.46824463137154, -72.35231885185243; Mall Plaza Los Angeles III; Regi&oacuten del Biobio; Los Angeles; Mall Plaza
Valdivia # 440; -37.46824463137154, -72.35231885185243; Mall Plaza Los Angeles IV; Regi&oacuten del Biobio; Los Angeles; Mall Plaza
Valdivia # 440; -37.46824463137154, -72.35231885185243; Mall Plaza Los Angeles V; Regi&oacuten del Biobio; Los Angeles; Mall Plaza
Valdivia # 440; -37.46824463137154, -72.35231885185243; Mall Plaza Los Angeles VI (Acceso Estacionamientos); Regi&oacuten del Biobio; Los Angeles; Mall Plaza
Valdivia # 440; -37.46824463137154, -72.35231885185243; Tottus Los Angeles; Regi&oacuten del Biobio; Los Angeles; Sup.Tottus
Av.  Alessandri # 3177 Local BT 157; -36.79048314507824, -73.06286729368593; Banco El Trébol Virtual; Regi&oacuten del Biobio; Talcahuano; Banco
Av. Alessandri # 3177 Local G 104; -36.79048314507824, -73.06286729368593; Banco Plaza El Trebol I; Regi&oacuten del Biobio; Talcahuano; Banco
Av. Alessandri # 3177 Local G 104; -36.79048314507824, -73.06286729368593; Banco Plaza El Trebol II; Regi&oacuten del Biobio; Talcahuano; Banco
Colón # 546; -36.71448821184306, -73.1117008; Banco Talcahuano; Regi&oacuten del Biobio; Talcahuano; Banco
Av.  Alessandri # 3177; -36.79048314507824, -73.06286729368593; Falabella El Trebol; Regi&oacuten del Biobio; Talcahuano; Tienda Falabella
Autopista Concepción # 9200; -36.80530738409432, -73.03901654047546; Homecenter Talcahuano; Regi&oacuten del Biobio; Talcahuano; HomeCenter
Av. Jorge Alessandri # 3177; -36.79048314507824, -73.06286729368593; Homecenter Talcahuano ; Regi&oacuten del Biobio; Talcahuano; HomeCenter
Av. Jorge Alessandri # 3177; -36.79048314507824, -73.06286729368593; Mall Plaza El Trebol I (Zona de Servicios Piso 1); Regi&oacuten del Biobio; Talcahuano; Mall Plaza
Av. Jorge Alessandri # 3177; -36.79048314507824, -73.06286729368593; Mall Plaza El Trebol II (Zona de Servicios Piso 2); Regi&oacuten del Biobio; Talcahuano; Mall Plaza
Av. Jorge Alessandri # 3177; -36.79048314507824, -73.06286729368593; Mall Plaza El Trebol III (Zona de Servicios); Regi&oacuten del Biobio; Talcahuano; Mall Plaza
Av. Jorge Alessandri # 3177; -36.79048314507824, -73.06286729368593; Mall Plaza El Trebol IV (Acceso a Mall); Regi&oacuten del Biobio; Talcahuano; Mall Plaza
Av. Jorge Alessandri # 3177; -36.79048314507824, -73.06286729368593; Mall Plaza El Trebol IX (Frente a Coppelia); Regi&oacuten del Biobio; Talcahuano; Mall Plaza
Av. Jorge Alessandri # 3177; -36.79048314507824, -73.06286729368593; Mall Plaza El Trebol V (Acceso a Mall); Regi&oacuten del Biobio; Talcahuano; Mall Plaza
Av. Jorge Alessandri # 3177; -36.79048314507824, -73.06286729368593; Mall Plaza El Trebol VI (Zona de Servicios); Regi&oacuten del Biobio; Talcahuano; Mall Plaza
Av. Jorge Alessandri # 3177; -36.79048314507824, -73.06286729368593; Mall Plaza El Trebol VII (Zona de Servicios); Regi&oacuten del Biobio; Talcahuano; Mall Plaza
Av. Jorge Alessandri # 3177; -36.79048314507824, -73.06286729368593; Mall Plaza El Trebol VIII (Frente a Coppelia); Regi&oacuten del Biobio; Talcahuano; Mall Plaza
Av. Jorge Alessandri # 3177; -36.79048314507824, -73.06286729368593; Mall Plaza El Trebol XV (Zona de Servicios); Regi&oacuten del Biobio; Talcahuano; Mall Plaza
Av. Jorge Alessandri # 3177; -36.79048314507824, -73.06286729368593; Mall Plaza El Trebol XVI (Zona de Servicios); Regi&oacuten del Biobio; Talcahuano; Mall Plaza
Av. Jorge Alessandri # 3177; -36.79048314507824, -73.06286729368593; Tottus El Trebol; Regi&oacuten del Biobio; Talcahuano; Sup.Tottus
Lautaro # 447; -37.79851276231733, -72.71109394999996; Banco Angol; Regi&oacuten de la Araucan&iacutea; Angol; Banco
O´Higgins # 1744; -37.811561712323176, -72.68360619999999; Homecenter Angol; Regi&oacuten de la Araucan&iacutea; Angol; HomeCenter
Av. Alemania # 870; -38.733586312737806, -72.61490159999994; Banco Temuco; Regi&oacuten de la Araucan&iacutea; Temuco; Banco
Arturo Prat # 658 Local 2; -38.7399208627407, -72.59077220000006; Banco Temuco; Regi&oacuten de la Araucan&iacutea; Temuco; Banco
Ruta 5 Norte # 2456, Sector Ten Ten; -42.45897594771257, -73.77172113464356; Homecenter Castro; Regi&oacuten de los Lagos; Castro; HomeCenter
Calle Ignacio Serrano #574 Local 104; -42.47961776454123, -73.76203829999997; Banco Castro; Regi&oacuten de los Lagos; Castro; Banco
Eleuterio Ramirez # 840; -40.57310286359813, -73.13618555000005; Banco Osorno I; Regi&oacuten de los Lagos; Osorno ; Banco
Eleuterio Ramirez # 840; -40.57310286359813, -73.13618555000005; Banco Osorno II; Regi&oacuten de los Lagos; Osorno ; Banco
Eleuterio Ramirez # 840; -40.57310286359813, -73.13618555000005; Falabella Osorno; Regi&oacuten de los Lagos; Osorno ; Tienda Falabella
Av. René Soriano # 2619; -40.58747526836013, -73.1036147767212; Homecenter Osorno; Regi&oacuten de los Lagos; Osorno ; HomeCenter
Antonio Varas # 561; -41.47260721403617, -72.94254980000005; Banco Puerto Montt Centro; Regi&oacuten de los Lagos; Puerto Montt; Banco
Presidente Ibañez # 716; -41.46177022414771, -72.9468648581665; Homecenter Puerto Montt; Regi&oacuten de los Lagos; Puerto Montt; HomeCenter
Arturo Prat # 331; -45.57246916620085, -72.07092275000002; Banco Coyhaique; Región Aysén del General Carlos Ibáñez del Campo; Coyhaique; Banco
Calle Plaza Muñoz Gamero # 765; -53.163135185972514, -70.90833444266663; Banco Punta Arenas; Regi&oacuten de Magallanes y la Ant&aacutertica Chilena; Punta Arenas; Banco
Arauco # 561; -39.81591294942458, -73.24217859999999; Banco Mall Plaza de los Rios; Regi&oacuten de los R&iacuteos; Valdivia; Banco
Av. Picarte # 483 Local 469 y 741; -39.814545863237775, -73.24286057698362; Banco Valdivia; Regi&oacuten de los R&iacuteos; Valdivia; Banco
21 de Mayo # 442; -18.479424405307135, -70.31777794999999; Banco Arica; Regi&oacuten de Arica y Parinacota; Arica; Banco
Av. Santa María # 2278; -18.461620299841428, -70.29698501582334; Homecenter Arica I; Regi&oacuten de Arica y Parinacota; Arica; HomeCenter
Av. Santa María # 2278; -18.461620299841428, -70.29698501582334; Homecenter Arica II; Regi&oacuten de Arica y Parinacota; Arica; HomeCenter
San Martín # 174; -33.732119953972855, -70.73582426163944; Tottus Buín I; Regi&oacuten Metropolitana de Santiago; Buín; Sup.Tottus
San Martín # 174; -33.732119953972855, -70.73582426163944; Tottus Buín II; Regi&oacuten Metropolitana de Santiago; Buín; Sup.Tottus
Av. Américo Vespucio # 1501; -33.515041952266394, -70.71752372354126; Banco Plaza Oeste I; Regi&oacuten Metropolitana de Santiago; Cerrillos; Banco
Av. Américo Vespucio # 1501; -33.515041952266394, -70.71752372354126; Falabella Plaza Oeste I; Regi&oacuten Metropolitana de Santiago; Cerrillos; Tienda Falabella
Av. Américo Vespucio # 1501; -33.515041952266394, -70.71752372354126; Falabella Plaza Oeste II; Regi&oacuten Metropolitana de Santiago; Cerrillos; Tienda Falabella
Av. Américo Vespucio # 1501; -33.515041952266394, -70.71752372354126; Homy Plaza Oeste; Regi&oacuten Metropolitana de Santiago; Cerrillos; HomeCenter
Av. Américo Vespucio # 1501; -33.515041952266394, -70.71752372354126; Mall Plaza Oeste I (Zona de Servicios); Regi&oacuten Metropolitana de Santiago; Cerrillos; Mall Plaza
Av. Américo Vespucio # 1501; -33.515041952266394, -70.71752372354126; Mall Plaza Oeste II (Zona de Servicios); Regi&oacuten Metropolitana de Santiago; Cerrillos; Mall Plaza
Av. Américo Vespucio # 1501; -33.515041952266394, -70.71752372354126; Mall Plaza Oeste III (Zona de Servicios); Regi&oacuten Metropolitana de Santiago; Cerrillos; Mall Plaza
Av. Américo Vespucio # 1501; -33.515041952266394, -70.71752372354126; Mall Plaza Oeste IV (Zona de Servicios); Regi&oacuten Metropolitana de Santiago; Cerrillos; Mall Plaza
Av. Américo Vespucio # 1501; -33.515041952266394, -70.71752372354126; Mall Plaza Oeste IX; Regi&oacuten Metropolitana de Santiago; Cerrillos; Mall Plaza
Av. Américo Vespucio # 1501; -33.515041952266394, -70.71752372354126; Mall Plaza Oeste V (Zona de Servicios); Regi&oacuten Metropolitana de Santiago; Cerrillos; Mall Plaza
Av. Américo Vespucio # 1501; -33.515041952266394, -70.71752372354126; Mall Plaza Oeste VI (Zona de Servicios); Regi&oacuten Metropolitana de Santiago; Cerrillos; Mall Plaza
Av. Américo Vespucio # 1501; -33.515041952266394, -70.71752372354126; Mall Plaza Oeste VII (Pasillo cercano a Tienda Falabella); Regi&oacuten Metropolitana de Santiago; Cerrillos; Mall Plaza
Av. Américo Vespucio # 1501; -33.515041952266394, -70.71752372354126; Mall Plaza Oeste VIII  (Pasillo cercano a Tienda Falabella); Regi&oacuten Metropolitana de Santiago; Cerrillos; Mall Plaza
Av. Américo Vespucio # 1501; -33.515041952266394, -70.71752372354126; Mall Plaza Oeste X; Regi&oacuten Metropolitana de Santiago; Cerrillos; Mall Plaza
Av. Américo Vespucio # 1501; -33.515041952266394, -70.71752372354126; Tottus Plaza Oeste I; Regi&oacuten Metropolitana de Santiago; Cerrillos; Sup.Tottus
Av. Américo Vespucio # 1501; -33.515041952266394, -70.71752372354126; Tottus Plaza Oeste II; Regi&oacuten Metropolitana de Santiago; Cerrillos; Sup.Tottus
Av. Concepción # 47; -33204162690661200, -7067574475860590; Tottus Colina  II; Regi&oacuten Metropolitana de Santiago; Colina; Sup.Tottus
Av. Concepción # 47; -33204162690661200, -7067574475860590; Tottus Colina I; Regi&oacuten Metropolitana de Santiago; Colina; Sup.Tottus
Av. Concepción # 47; -33204162690661200, -7067574475860590; Tottus Colina III; Regi&oacuten Metropolitana de Santiago; Colina; Sup.Tottus
Chamisero Lote 8; -33.30387223924557, -70.66597775962987; Tottus Chamisero / Chicureo; Regi&oacuten Metropolitana de Santiago; Colina; Sup.Tottus
Gran Av. J. M. Carrera # 10375 Local 10; -33.554029610532496, -70.67498015000001; Banco Gran Avenida; Regi&oacuten Metropolitana de Santiago; El Bosque; Banco
Gran Av. J. M. Carrera # 10375; -33.554029610532496, -70.67498015000001; Homecenter Gran Avenida; Regi&oacuten Metropolitana de Santiago; El Bosque; HomeCenter
Gran Av. J .M. Carrera # 10375; -33.554029610532496, -70.67498015000001; Tottus Gran Avenida; Regi&oacuten Metropolitana de Santiago; El Bosque; Sup.Tottus
Alameda L. Bdo. O'Higgins # 3470; -33.452060052089045, -70.68226724788512; Banco Alameda Mall Plaza; Regi&oacuten Metropolitana de Santiago; Estación Central; Banco
Alameda L. Bdo. O'Higgins # 3470; -33.452060052089045, -70.68226724788512; Falabella Mall Alameda 2do.Piso; Regi&oacuten Metropolitana de Santiago; Estación Central; Tienda Falabella
San Borja # 402; -33.45200964113867, -70.68040432569279; Homecenter Estacion Central II; Regi&oacuten Metropolitana de Santiago; Estación Central; HomeCenter
Alameda L. Bdo. O'Higgins # 3470; -33.452060052089045, -70.68226724788512; Mall Plaza Alameda I (Patio de Comidas); Regi&oacuten Metropolitana de Santiago; Estación Central; Mall Plaza
Alameda L. Bdo. O'Higgins # 3470; -33.452060052089045, -70.68226724788512; Mall Plaza Alameda II (Patio de Comidas); Regi&oacuten Metropolitana de Santiago; Estación Central; Mall Plaza
Alameda L. Bdo. O'Higgins # 3470; -33.452060052089045, -70.68226724788512; Mall Plaza Alameda III (Costado Derecho Tottus); Regi&oacuten Metropolitana de Santiago; Estación Central; Mall Plaza
Alameda L. Bdo. O'Higgins # 3470; -33.452060052089045, -70.68226724788512; Mall Plaza Alameda IV (Costado Derecho Tottus); Regi&oacuten Metropolitana de Santiago; Estación Central; Mall Plaza
Alameda L. Bdo. O'Higgins # 3470; -33.452060052089045, -70.68226724788512; Mall Plaza Alameda V (Costado Derecho Tottus); Regi&oacuten Metropolitana de Santiago; Estación Central; Mall Plaza
Alameda L. Bdo. O'Higgins # 3470; -33.452060052089045, -70.68226724788512; Mall Plaza Alameda VI (Sector Autoplaza); Regi&oacuten Metropolitana de Santiago; Estación Central; Mall Plaza
Alameda L. Bdo. O'Higgins # 3470; -33.452060052089045, -70.68226724788512; Mall Plaza Alameda VII (Sector Autoplaza); Regi&oacuten Metropolitana de Santiago; Estación Central; Mall Plaza
Alameda L. Bdo. O'Higgins # 3470; -33.452060052089045, -70.68226724788512; Mall Plaza Alameda VIII (Acceso principal Mall); Regi&oacuten Metropolitana de Santiago; Estación Central; Mall Plaza
Av. Sta. Clara # 354 Local 114; -33.38872941046667, -70.61969235000004; Banco Ciudad Empresarial; Regi&oacuten Metropolitana de Santiago; Huechuraba; Banco
Av. Américo Vespucio # 1737; -33.367369173137625, -70.67918330424504; Banco Mall Plaza Norte; Regi&oacuten Metropolitana de Santiago; Huechuraba; Banco
Av. Américo Vespucio # 1737; -33.367369173137625, -70.67918330424504; Mall Plaza Norte I (Piso 1); Regi&oacuten Metropolitana de Santiago; Huechuraba; Mall Plaza
Av. Américo Vespucio # 1737; -33.367369173137625, -70.67918330424504; Mall Plaza Norte II (Piso 1); Regi&oacuten Metropolitana de Santiago; Huechuraba; Mall Plaza
Av. Américo Vespucio # 1737; -33.367369173137625, -70.67918330424504; Mall Plaza Norte III (Piso 1 Integramédica); Regi&oacuten Metropolitana de Santiago; Huechuraba; Mall Plaza
Av. Américo Vespucio # 1737; -33.367369173137625, -70.67918330424504; Mall Plaza Norte IV (Piso 1 Integramédica); Regi&oacuten Metropolitana de Santiago; Huechuraba; Mall Plaza
Av. Américo Vespucio # 1737; -33.367369173137625, -70.67918330424504; Mall Plaza Norte IX (Costado Tienda Falabella); Regi&oacuten Metropolitana de Santiago; Huechuraba; Mall Plaza
Av. Américo Vespucio # 1737; -33.367369173137625, -70.67918330424504; Mall Plaza Norte V (Zona de Servicios); Regi&oacuten Metropolitana de Santiago; Huechuraba; Mall Plaza
Av. Américo Vespucio # 1737; -33.367369173137625, -70.67918330424504; Mall Plaza Norte VI (Zona de Servicios); Regi&oacuten Metropolitana de Santiago; Huechuraba; Mall Plaza
Av. Américo Vespucio # 1737; -33.367369173137625, -70.67918330424504; Mall Plaza Norte VII (Acceso Gimnasio); Regi&oacuten Metropolitana de Santiago; Huechuraba; Mall Plaza
Av. Américo Vespucio # 1737; -33.367369173137625, -70.67918330424504; Mall Plaza Norte VIII (Acceso Gimnasio); Regi&oacuten Metropolitana de Santiago; Huechuraba; Mall Plaza
Av. Américo Vespucio # 1737; -33.367369173137625, -70.67918330424504; Mall Plaza Norte X (Costado Tienda Falabella); Regi&oacuten Metropolitana de Santiago; Huechuraba; Mall Plaza
Pedro Fontova # 5810; -33.3716859566957, -70.67154531478877; Tottus Huechuraba; Regi&oacuten Metropolitana de Santiago; Huechuraba; Sup.Tottus
Santa Marta de Huechuraba # 7300; -33.3546601534159, -70.67748862698362; Tottus Huechuraba; Regi&oacuten Metropolitana de Santiago; Huechuraba; Sup.Tottus
Av. Vivaceta # 1018; -33.41891331047864, -70.66350735000003; Tottus Vivaceta; Regi&oacuten Metropolitana de Santiago; Independencia; Sup.Tottus
Av. Américo Vespucio # 033 Local 1234; -33.53678761052561, -70.6653096; Banco La Cisterna I; Regi&oacuten Metropolitana de Santiago; La Cisterna; Banco
Av. Américo Vespucio # 033 Local 1234; -33.53678761052561, -70.6653096; Banco La Cisterna II; Regi&oacuten Metropolitana de Santiago; La Cisterna; Banco
Av. Vicuña Mackenna # 7110; -33.51873293177497, -70.5998854232788; Banco Plaza Vespucio I; Regi&oacuten Metropolitana de Santiago; La Florida; Banco
Av. Vicuña Mackenna # 7110; -33.51873293177497, -70.5998854232788; Banco Plaza Vespucio II; Regi&oacuten Metropolitana de Santiago; La Florida; Banco
Av. Vicuña Mackenna # 7110; -33.51873293177497, -70.5998854232788; Falabella Plaza Vespucio; Regi&oacuten Metropolitana de Santiago; La Florida; Tienda Falabella
Av .Vicuña Mackenna # 7110; -33.51873293177497, -70.5998854232788; Falabella Plaza Vespucio; Regi&oacuten Metropolitana de Santiago; La Florida; Tienda Falabella
Av. Américo Vespucio # 7310; -33.518965213331334, -7059507179231260; Homecenter La Florida; Regi&oacuten Metropolitana de Santiago; La Florida; HomeCenter
Av. Vicuña Mackenna # 7110; -33.51873293177497, -70.5998854232788; Mall Plaza Vespucio I (Patio de Comidas); Regi&oacuten Metropolitana de Santiago; La Florida; Mall Plaza
Av. Vicuña Mackenna # 7110; -33.51873293177497, -70.5998854232788; Mall Plaza Vespucio II (Patio de Comidas); Regi&oacuten Metropolitana de Santiago; La Florida; Mall Plaza
Av. Vicuña Mackenna # 7110; -33.51873293177497, -70.5998854232788; Mall Plaza Vespucio III (Cercano Tienda Falabella Piso 1); Regi&oacuten Metropolitana de Santiago; La Florida; Mall Plaza
Av. Vicuña Mackenna # 7110; -33.51873293177497, -70.5998854232788; Mall Plaza Vespucio IV (Costado Supermercado); Regi&oacuten Metropolitana de Santiago; La Florida; Mall Plaza
Av. Vicuña Mackenna # 7110; -33.51873293177497, -70.5998854232788; Mall Plaza Vespucio IX; Regi&oacuten Metropolitana de Santiago; La Florida; Mall Plaza
Av. Vicuña Mackenna # 7110; -33.51873293177497, -70.5998854232788; Mall Plaza Vespucio V (Costado Supermercado); Regi&oacuten Metropolitana de Santiago; La Florida; Mall Plaza
Av. Vicuña Mackenna # 7110; -33.51873293177497, -70.5998854232788; Mall Plaza Vespucio VI (Frente a Boletería Cine); Regi&oacuten Metropolitana de Santiago; La Florida; Mall Plaza
Av. Vicuña Mackenna # 7110; -33.51873293177497, -70.5998854232788; Mall Plaza Vespucio VII (Frente a Boletería Cine); Regi&oacuten Metropolitana de Santiago; La Florida; Mall Plaza
Av. Vicuña Mackenna # 7110; -33.51873293177497, -70.5998854232788; Mall Plaza Vespucio VIII (Costado Tienda Falabella); Regi&oacuten Metropolitana de Santiago; La Florida; Mall Plaza
Av. Vicuña Mackenna # 7110; -33.51873293177497, -70.5998854232788; Mall Plaza Vespucio X; Regi&oacuten Metropolitana de Santiago; La Florida; Mall Plaza
Av. Vicuña Mackenna # 7110; -33.51873293177497, -70.5998854232788; Mall Plaza Vespucio XI; Regi&oacuten Metropolitana de Santiago; La Florida; Mall Plaza
Av. Vicuña Mackenna # 7110; -33.51873293177497, -70.5998854232788; Mall Plaza Vespucio XII (Acceso Principal Mall); Regi&oacuten Metropolitana de Santiago; La Florida; Mall Plaza
Av. Vicuña Mackenna # 7110; -33.51873293177497, -70.5998854232788; Mall Plaza Vespucio XIII (Acceso Principal Mall); Regi&oacuten Metropolitana de Santiago; La Florida; Mall Plaza
Av. Vicuña Mackenna # 7110; -33.51873293177497, -70.5998854232788; Mall Plaza Vespucio XIV (Zona de Servicios); Regi&oacuten Metropolitana de Santiago; La Florida; Mall Plaza
Av. Vicuña Mackenna # 7110; -33.51873293177497, -70.5998854232788; Mall Plaza Vespucio XIX (Zona de Servicios); Regi&oacuten Metropolitana de Santiago; La Florida; Mall Plaza
Av. Vicuña Mackenna # 7110; -33.51873293177497, -70.5998854232788; Mall Plaza Vespucio XV (Frente a Farmacia); Regi&oacuten Metropolitana de Santiago; La Florida; Mall Plaza
Av. Vicuña Mackenna # 7110; -33.51873293177497, -70.5998854232788; Mall Plaza Vespucio XVI (Sector Autoplaza); Regi&oacuten Metropolitana de Santiago; La Florida; Mall Plaza
Av. Vicuña Mackenna # 7110; -33.51873293177497, -70.5998854232788; Mall Plaza Vespucio XVII (Sector Autoplaza); Regi&oacuten Metropolitana de Santiago; La Florida; Mall Plaza
Av. Vicuña Mackenna # 7110; -33.51873293177497, -70.5998854232788; Mall Plaza Vespucio XVIII (Zona de Servicios); Regi&oacuten Metropolitana de Santiago; La Florida; Mall Plaza
Av. Vicuña Mackenna # 7110; -33.51873293177497, -70.5998854232788; Mall Plaza Vespucio XX (Acceso Estacionamientos); Regi&oacuten Metropolitana de Santiago; La Florida; Mall Plaza
Av. Vicuña Mackenna # 7110; -33.51873293177497, -70.5998854232788; Mall Plaza Vespucio XXI (Frente a Farmacia); Regi&oacuten Metropolitana de Santiago; La Florida; Mall Plaza
Av. Vicuña Mackenna # 7110; -33.51873293177497, -70.5998854232788; Mall Plaza Vespucio XXII (Frente a Farmacia); Regi&oacuten Metropolitana de Santiago; La Florida; Mall Plaza
Av. Américo Vespucio # 7310; -33.518965213331334, -7059507179231260; Tottus La Florida I; Regi&oacuten Metropolitana de Santiago; La Florida; Sup.Tottus
Av. Américo Vespucio # 7310; -33.518965213331334, -7059507179231260; Tottus La Florida II; Regi&oacuten Metropolitana de Santiago; La Florida; Sup.Tottus
Walker Martinez # 3600; -33.52223476619467, -70.5564813634918; Tottus Walker Martinez; Regi&oacuten Metropolitana de Santiago; La Florida; Sup.Tottus
Av. Larraín # 5862 Local 1040 al 1060; -33.45354558193379, -70.56942527301636; Banco Mall Plaza Egaña; Regi&oacuten Metropolitana de Santiago; La Reina; Banco
Av. Jorge Alessandri # 1347; -33.462247258429585, -70.54700086772151; Homecenter La Reina; Regi&oacuten Metropolitana de Santiago; La Reina; HomeCenter
Av. Larraín # 5862; -33.45354558193379, -70.56942527301636; Mall Plaza Egaña I (Zona de Servicios); Regi&oacuten Metropolitana de Santiago; La Reina; Mall Plaza
Av. Larraín # 5862; -33.45354558193379, -70.56942527301636; Mall Plaza Egaña II (Costado Escalera Mecánica Piso 0); Regi&oacuten Metropolitana de Santiago; La Reina; Mall Plaza
Av. Larraín # 5862; -33.45354558193379, -70.56942527301636; Mall Plaza Egaña III (Zona de Servicios); Regi&oacuten Metropolitana de Santiago; La Reina; Mall Plaza
Av. Larraín # 5862; -33.45354558193379, -70.56942527301636; Mall Plaza Egaña IV (Frente a ascensores Piso 2); Regi&oacuten Metropolitana de Santiago; La Reina; Mall Plaza
Av. Larraín # 5862; -33.45354558193379, -70.56942527301636; Tottus Mall Plaza Egaña; Regi&oacuten Metropolitana de Santiago; La Reina; Sup.Tottus
Av. Kennedy # 9001; -33.389229832014045, -70.54573593995055; Banco Alto Las Condes; Regi&oacuten Metropolitana de Santiago; Las Condes; Banco
Av. El Bosque Norte # 160 Local 6; -33.415510658635, -70.60088685978695; Banco Av.El Bosque; Regi&oacuten Metropolitana de Santiago; Las Condes; Banco
Av. Las Condes # 12265 Local 99-100; -33.37318202770411, -70.51833667063909; Banco Cantagallo; Regi&oacuten Metropolitana de Santiago; Las Condes; Banco
Av. Kennedy # 5413; -33.40188677743548, -70.57583503723146; Banco Parque Arauco; Regi&oacuten Metropolitana de Santiago; Las Condes; Banco
Av. Kennedy # 5413; -33.40188677743548, -70.57583503723146; Homecenter Parque Arauco; Regi&oacuten Metropolitana de Santiago; Las Condes; HomeCenter
Av. Kennedy # 5601 Piso 3; -33.399687795372714, -70.57457448862307; Tottus Parque Arauco I; Regi&oacuten Metropolitana de Santiago; Las Condes; Sup.Tottus
Av. Kennedy # 5601 Piso 3; -33.399687795372714, -70.57457448862307; Tottus Parque Arauco II; Regi&oacuten Metropolitana de Santiago; Las Condes; Sup.Tottus
Av.Apoquindo # 6051 Loc.30; , ; Banco El Faro; Regi&oacuten Metropolitana de Santiago; Las Condes; Banco
Av. A. Vespucio # 399 Local B03; -33.48161231954411, -70.75379984444272; Banco Arauco Maipú; Regi&oacuten Metropolitana de Santiago; Maipú; Banco
5 de Abril # 78; -33.51064331051515, -70.75834354999995; Banco Maipú I; Regi&oacuten Metropolitana de Santiago; Maipú; Banco
5 de Abril # 78; -33.51064331051515, -70.75834354999995; Banco Maipú II; Regi&oacuten Metropolitana de Santiago; Maipú; Banco
Av. A. Vespucio # 399 Piso 3; -33.48161231954411, -70.75379984444272; Falabella Arauco Maipú; Regi&oacuten Metropolitana de Santiago; Maipú; Tienda Falabella
Av. Serrano # 349; -33.68517143624379, -71.21382372883602; Banco Melipilla; Regi&oacuten Metropolitana de Santiago; Melipilla; Banco
Irarrázaval # 2779; -33.4544794104928, -70.60211915000002; Banco Irarrázaval; Regi&oacuten Metropolitana de Santiago; Ñuñoa; Banco
Av. Irarrázaval # 5420; -33.4533587206075, -70.57351810396733; Banco Plaza Egaña; Regi&oacuten Metropolitana de Santiago; Ñuñoa; Banco
Av. Padre Hurtado # 2436; -33.57173925157483, -70.81818475777582; Tottus Padre Hurtado I; Regi&oacuten Metropolitana de Santiago; Padre Hurtado; Sup.Tottus
Av. Padre Hurtado # 2436; -33.57173925157483, -70.81818475777582; Tottus Padre Hurtado II; Regi&oacuten Metropolitana de Santiago; Padre Hurtado; Sup.Tottus
Alcalde Luis Araya # 1047; -33.60670620716916, -70.89953357619629; Banco Peñaflor; Regi&oacuten Metropolitana de Santiago; Peñaflor; Banco
Alcalde Luis Araya # 1047; -33.60670620716916, -70.89953357619629; Tottus Penaflor; Regi&oacuten Metropolitana de Santiago; Peñaflor; Sup.Tottus
Av. Tobalaba # 11120; -33.47284766279177, -70.55519572142646; Tottus Tobalaba I; Regi&oacuten Metropolitana de Santiago; Peñalolén; Sup.Tottus
Av. Tobalaba # 11120; -33.47284766279177, -70.55519572142646; Tottus Tobalaba II; Regi&oacuten Metropolitana de Santiago; Peñalolén; Sup.Tottus
Mar Tirreno # 3349 Local 006-B; -33.48625886050547, -70.57695279999996; Banco Quilín; Regi&oacuten Metropolitana de Santiago; Peñalolén; Banco
Av. A. Bello # 2465 Local 4228; -33.417064683535976, -70.60758956817017; Banco Costanera Center; Regi&oacuten Metropolitana de Santiago; Providencia; Banco
Luis Tayer Ojeda # 086 Loc.101; -33.41816594890535, -70.60333627222894; Banco Luis Thayer Ojeda; Regi&oacuten Metropolitana de Santiago; Providencia; Banco
Nueva Lyon # 64; -33.4213048104796, -70.61029945000001; Banco Lyon; Regi&oacuten Metropolitana de Santiago; Providencia; Banco
Av. A. Bello # 2465 Local 2400; -33.417064683535976, -70.60758956817017; Falabella Costanera Center; Regi&oacuten Metropolitana de Santiago; Providencia; Tienda Falabella
Nueva Lyon # 64; -33.4213048104796, -70.61029945000001; Falabella Lyon; Regi&oacuten Metropolitana de Santiago; Providencia; Tienda Falabella
Camilo Henriquez # 3296; -33.56885433120947, -70.55501263439334; Banco Plaza Tobalaba I; Regi&oacuten Metropolitana de Santiago; Puente Alto ; Banco
Camilo Henriquez # 3296; -33.56885433120947, -70.55501263439334; Banco Plaza Tobalaba II; Regi&oacuten Metropolitana de Santiago; Puente Alto ; Banco
Balmaceda # 190; -33.610017560554844, -70.57489684999996; Banco Puente Alto ; Regi&oacuten Metropolitana de Santiago; Puente Alto ; Banco
Camilo Henriquez # 3296; -33.56885433120947, -70.55501263439334; Falabella Tobalaba; Regi&oacuten Metropolitana de Santiago; Puente Alto ; Tienda Falabella
Av. Concha y Toro # 1315; -33.60147299772882, -70.57713456745911; Homecenter Puente Alto; Regi&oacuten Metropolitana de Santiago; Puente Alto ; HomeCenter
Camilo Henriquez # 3296; -33.56885433120947, -70.55501263439334; Homecenter Tobalaba; Regi&oacuten Metropolitana de Santiago; Puente Alto ; HomeCenter
Camilo Henriquez # 3296; -33.56885433120947, -70.55501263439334; Mall Plaza Tobalaba I; Regi&oacuten Metropolitana de Santiago; Puente Alto ; Mall Plaza
Camilo Henriquez # 3296; -33.56885433120947, -70.55501263439334; Mall Plaza Tobalaba II; Regi&oacuten Metropolitana de Santiago; Puente Alto ; Mall Plaza
Camilo Henriquez # 3296; -33.56885433120947, -70.55501263439334; Mall Plaza Tobalaba III; Regi&oacuten Metropolitana de Santiago; Puente Alto ; Mall Plaza
Camilo Henriquez # 3296; -33.56885433120947, -70.55501263439334; Mall Plaza Tobalaba IV; Regi&oacuten Metropolitana de Santiago; Puente Alto ; Mall Plaza
Camilo Henriquez # 3296; -33.56885433120947, -70.55501263439334; Mall Plaza Tobalaba IX (Cercano Acceso Tottus); Regi&oacuten Metropolitana de Santiago; Puente Alto ; Mall Plaza
Camilo Henriquez # 3296; -33.56885433120947, -70.55501263439334; Mall Plaza Tobalaba V (Acceso Tienda Falabella); Regi&oacuten Metropolitana de Santiago; Puente Alto ; Mall Plaza
Camilo Henriquez # 3296; -33.56885433120947, -70.55501263439334; Mall Plaza Tobalaba VI (Zona de Servicios); Regi&oacuten Metropolitana de Santiago; Puente Alto ; Mall Plaza
Camilo Henriquez # 3296; -33.56885433120947, -70.55501263439334; Mall Plaza Tobalaba VII (Zona de Servicios); Regi&oacuten Metropolitana de Santiago; Puente Alto ; Mall Plaza
Camilo Henriquez # 3296; -33.56885433120947, -70.55501263439334; Mall Plaza Tobalaba VIII (Cercano Acceso Tottus); Regi&oacuten Metropolitana de Santiago; Puente Alto ; Mall Plaza
Camilo Henriquez # 3296; -33.56885433120947, -70.55501263439334; Mall Plaza Tobalaba X (Acceso Tienda Falabella); Regi&oacuten Metropolitana de Santiago; Puente Alto ; Mall Plaza
Eyzaguirre # 105; -33.612590895287354, -70.57403046426394; Tottus Puente Alto; Regi&oacuten Metropolitana de Santiago; Puente Alto ; Sup.Tottus
Av. Concha y Toro  # 1477; -33.59680073244594, -70.57793979999995; Tottus Puente Alto I; Regi&oacuten Metropolitana de Santiago; Puente Alto ; Sup.Tottus
Av. Concha y Toro  # 1477; -33.59680073244594, -70.57793979999995; Tottus Puente Alto II; Regi&oacuten Metropolitana de Santiago; Puente Alto ; Sup.Tottus
Av. Concha y Toro  # 1477; -33.59680073244594, -70.57793979999995; Tottus Puente Alto III; Regi&oacuten Metropolitana de Santiago; Puente Alto ; Sup.Tottus
Camilo Henriquez # 3296; -33.56885433120947, -70.55501263439334; Tottus Tobalaba I; Regi&oacuten Metropolitana de Santiago; Puente Alto ; Sup.Tottus
Camilo Henriquez # 3296; -33.56885433120947, -70.55501263439334; Tottus Tobalaba II; Regi&oacuten Metropolitana de Santiago; Puente Alto ; Sup.Tottus
Av. O'Higgins # 581 Local 23-24; -33.36788634804444, -70.73107039641718; Banco Arauco Quilicura; Regi&oacuten Metropolitana de Santiago; Quilicura; Banco
Manuel A. Matta # 581; -33.36571005725171, -70.72724870185243; Homecenter Quilicura; Regi&oacuten Metropolitana de Santiago; Quilicura; HomeCenter
Eusebio Lillo # 404 ; -33.428753160482565, -70.64402670000004; Banco Patronato; Regi&oacuten Metropolitana de Santiago; Recoleta; Banco
Av. E. Frei Montalva # 3092; -33.399251383109366, -70.68466057380373; Homecenter Edificio Corporativo; Regi&oacuten Metropolitana de Santiago; Renca; HomeCenter
Av. Jorge Alessandri # 20040 ; -33.63229770882454, -70.7122614780335; Banco Mall Plaza Sur; Regi&oacuten Metropolitana de Santiago; San Bernardo; Banco
Eyzaguirre # 531-533; -33.591551002434926, -70.70475633255614; Banco San Bernardo; Regi&oacuten Metropolitana de Santiago; San Bernardo; Banco
O'Higgins # 580; -33.591593009140944, -70.70477823862304; Banco San Bernardo Plaza; Regi&oacuten Metropolitana de Santiago; San Bernardo; Banco
San José de Nos # 69; -33.634110941327684, -70.70926161018987; Falabella Mall Plaza Sur; Regi&oacuten Metropolitana de Santiago; San Bernardo; Tienda Falabella
San José de Nos # 69; -33.634110941327684, -70.70926161018987; Homecenter Mall Plaza Sur; Regi&oacuten Metropolitana de Santiago; San Bernardo; HomeCenter
Av. Jorge Alessandri # 20040; -33.63229770882454, -70.7122614780335; Mall Plaza Sur I (Acceso a Supermercado); Regi&oacuten Metropolitana de Santiago; San Bernardo; Mall Plaza
Av. Jorge Alessandri # 20040; -33.63229770882454, -70.7122614780335; Mall Plaza Sur II (Acceso a Supermercado); Regi&oacuten Metropolitana de Santiago; San Bernardo; Mall Plaza
Av. Jorge Alessandri # 20040; -33.63229770882454, -70.7122614780335; Mall Plaza Sur III (Zona de Servicios); Regi&oacuten Metropolitana de Santiago; San Bernardo; Mall Plaza
Av. Jorge Alessandri # 20040; -33.63229770882454, -70.7122614780335; Mall Plaza Sur IV (Zona de Servicios); Regi&oacuten Metropolitana de Santiago; San Bernardo; Mall Plaza
Av. Jorge Alessandri # 20040; -33.63229770882454, -70.7122614780335; Mall Plaza Sur V (Zona de Servicios); Regi&oacuten Metropolitana de Santiago; San Bernardo; Mall Plaza
Arturo Prat # 117; -33.59408575235338, -70.69936550344244; Tottus San Bernardo Estación I; Regi&oacuten Metropolitana de Santiago; San Bernardo; Sup.Tottus
Arturo Prat # 117; -33.59408575235338, -70.69936550344244; Tottus San Bernardo Estación II; Regi&oacuten Metropolitana de Santiago; San Bernardo; Sup.Tottus
Arturo Prat # 117; -33.59408575235338, -70.69936550344244; Tottus San Bernardo Estación II; Regi&oacuten Metropolitana de Santiago; San Bernardo; Sup.Tottus
O'Higgins # 528; -33.59179046054755, -70.70401055000002; Tottus San Bernardo Plaza I; Regi&oacuten Metropolitana de Santiago; San Bernardo; Sup.Tottus
O'Higgins # 528; -33.59179046054755, -70.70401055000002; Tottus San Bernardo Plaza II; Regi&oacuten Metropolitana de Santiago; San Bernardo; Sup.Tottus
Av. Vicuña Mackenna # 7110; -33.51873293177497, -70.5998854232788; Homecenter Ñuble; Regi&oacuten Metropolitana de Santiago; San Joaquin; HomeCenter
Gran Av. J.M. Carrera # 4965; -33.49914057037547, -70.6628826183228; Banco San Miguel; Regi&oacuten Metropolitana de Santiago; San Miguel; Banco
Gran Av. J.M. Carrera # 5508; -33.50376001051242, -70.65490539999996; Homecenter San Miguel; Regi&oacuten Metropolitana de Santiago; San Miguel; HomeCenter
Ahumada # 125; -33.441659360487705, -70.65065494999999; Banco Ahumada 125; Regi&oacuten Metropolitana de Santiago; Santiago; Banco
Ahumada # 199; -33.440853629636884, -70.6507399346558; Banco Ahumada 199 I; Regi&oacuten Metropolitana de Santiago; Santiago; Banco
Ahumada # 199; -33.440853629636884, -70.6507399346558; Banco Ahumada 199 II; Regi&oacuten Metropolitana de Santiago; Santiago; Banco
Ahumada # 302; -33.43975881757934, -70.65085680581966; Banco Ahumada 302 I; Regi&oacuten Metropolitana de Santiago; Santiago; Banco
Ahumada # 302; -33.43975881757934, -70.65085680581966; Banco Ahumada 302 II; Regi&oacuten Metropolitana de Santiago; Santiago; Banco
Alameda Lib. Bdo. O'Higgins # 883-893; -33.443230176788894, -70.64891061997527; Banco Alameda Centro I; Regi&oacuten Metropolitana de Santiago; Santiago; Banco
Alameda Lib. Bdo. O'Higgins # 883-893; -33.443230176788894, -70.64891061997527; Banco Alameda Centro II; Regi&oacuten Metropolitana de Santiago; Santiago; Banco
Estado # 155; -33.44076654616354, -70.64929850767209; Banco Estado; Regi&oacuten Metropolitana de Santiago; Santiago; Banco
Huérfanos # 1253 Local 2B; -33.439977360487035, -70.65451759999996; Banco Huérfanos; Regi&oacuten Metropolitana de Santiago; Santiago; Banco
Puente # 551; -33.436745710485724, -70.65132825; Banco Puente I; Regi&oacuten Metropolitana de Santiago; Santiago; Banco
Puente # 551; -33.436745710485724, -70.65132825; Banco Puente II; Regi&oacuten Metropolitana de Santiago; Santiago; Banco
Moneda # 970 Piso 08; -33.4419052604878, -70.65021515000001; Casa Matríz Banco Falabella; Regi&oacuten Metropolitana de Santiago; Santiago; Otros
Ahumada # 280; -33.43988757182275, -70.65086497698361; Centro de Pago CMR I; Regi&oacuten Metropolitana de Santiago; Santiago; Otros
Ahumada # 280; -33.43988757182275, -70.65086497698361; Centro de Pago CMR II; Regi&oacuten Metropolitana de Santiago; Santiago; Otros
Ahumada # 25; -33.442796350818966, -70.65043952724614; Falabella Mujer; Regi&oacuten Metropolitana de Santiago; Santiago; Tienda Falabella
Puente # 540; -33.43689561048579, -70.65132789999996; Falabella Puente; Regi&oacuten Metropolitana de Santiago; Santiago; Tienda Falabella
Rosas # 1665; -33.4359064475213, -70.66083621349179; Gerencia Rosas; Regi&oacuten Metropolitana de Santiago; Santiago; Otros
Catedral # 1850; -33.43866493121693, -70.66296842883611; Tottus Catedral; Regi&oacuten Metropolitana de Santiago; Santiago; Sup.Tottus
Nataniel Cox # 620; -33.45422131633955, -70.65247440211488; Tottus Nataniel; Regi&oacuten Metropolitana de Santiago; Santiago; Sup.Tottus
Av. V. Mackenna # 665; -33.44999436049101, -70.63156225; Tottus V.Mackenna I; Regi&oacuten Metropolitana de Santiago; Santiago; Sup.Tottus
Av. V. Mackenna # 665; -33.44999436049101, -70.63156225; Tottus V.Mackenna II; Regi&oacuten Metropolitana de Santiago; Santiago; Sup.Tottus
Av. Bdo. O'Higgins # 1132; -33.66428921057655, -70.92969845000005; Banco Talagante; Regi&oacuten Metropolitana de Santiago; Talagante; Banco
Caleteras Los Aromos # 441; -33.657047954114134, -70.91230046985163; Tottus Talagante I; Regi&oacuten Metropolitana de Santiago; Talagante; Sup.Tottus
Caleteras Los Aromos # 441; -33.657047954114134, -70.91230046985163; Tottus Talagante II ; Regi&oacuten Metropolitana de Santiago; Talagante; Sup.Tottus
Eyzaguirre # 715; -33.663332548337536, -70.93106158095087; Tottus Talagante Plaza I ; Regi&oacuten Metropolitana de Santiago; Talagante; Sup.Tottus
Eyzaguirre # 715; -33.663332548337536, -70.93106158095087; Tottus Talagante Plaza II; Regi&oacuten Metropolitana de Santiago; Talagante; Sup.Tottus
Av. Vitacura # 6844 Loc.2-5; -33.38813782825581, -70.56731730476984; Banco Los Cobre de Vitacura; Regi&oacuten Metropolitana de Santiago; Vitacura; Banco
Av. Vitacura # 9019; -33.38330131453214, -70.54973433068847; Tottus Vitacura I; Regi&oacuten Metropolitana de Santiago; Vitacura; Sup.Tottus
Av. Vitacura # 9019; -33.38330131453214, -70.54973433068847; Tottus Vitacura II; Regi&oacuten Metropolitana de Santiago; Vitacura; Sup.Tottus